"","gov_effect","trade","ineq","gdp_pc","pop_tot","older_m","older_f","air_travel","fdi","pop_density","urban","migration_share","oil","soc_insur_cov","soc_contrib","soc_safety","country_id"
"1",1.944976,NA,NA,NA,77006,NA,NA,NA,NA,163.842553191489,NA,59.713649198984,NA,NA,NA,NA,"AND"
"2",1.431291,161.839789981026,NA,65943.2789706915,9630959,68980,35562,95533069,10385286000,135.609110109828,59.9724700312814,88.4040483728066,13.131343752479,NA,6.81037334542713,NA,"ARE"
"3",-1.457285,NA,NA,2172.83221680084,37172386,445283,515559,1722612.61,119435105.715177,56.937760009803,10.792339238057,1.17554692684705,0.00125468841072462,NA,0.600920393634121,8.82058232654446,"AFG"
"4",-0.0060096,NA,NA,21115.7982687308,96286,3904,4570,580174.156834825,135127898.770161,218.831818181818,NA,30.5855061099131,0,NA,NA,NA,"ATG"
"5",0.8301269,NA,NA,NA,NA,NA,NA,NA,NA,NA,NA,NA,NA,NA,NA,NA,"AIA"
"6",0.114788,77.0824018603293,NA,13670.1023036374,2866376,189497,204463,303137,1204383363.60476,104.612262773723,NA,1.98903641031678,1.36575244280874,36.2550631549433,21.3865722661575,19.0816723832217,"ALB"
"7",-0.0243394,91.2889618836494,29.2,12714.9581875167,2951776,130888,201290,NA,254146163.557324,103.680224798033,36.5991186323081,6.33589288838696,0,54.7513338154784,0.726236230955159,28.3956683352025,"ARM"
"8",NA,NA,NA,NA,NA,NA,NA,NA,NA,NA,NA,NA,NA,NA,NA,NA,"ANT"
"9",-1.052086,NA,39.6,6924.31736780124,30809762,304406,378459,1516628,-6456076413.12033,24.7130520574316,25.2329115687424,0.427004679966497,15.7539134214684,NA,5.00193426291295,NA,"AGO"
"10",0.0259878,30.7004460241825,29.9,22745.9037844103,44494502,2021288,2925564,18081937,11872856662.7649,16.2585100979651,43.0081024392632,4.80529233472193,0.73582402708323,30.5905578010903,34.3623413293522,19.7620486495655,"ARG"
"11",0.5514148,168.238993710692,NA,NA,55465,NA,NA,NA,NA,277.325,NA,41.8020094349815,0,NA,NA,NA,"ASM"
"12",1.453342,107.790261820777,NA,55687.1892771302,8840521,726772,953036,12935505,4220346205.72346,107.127966860564,21.4981334244894,17.465726250517,0.0315537957214575,NA,33.7050727477016,NA,"AUT"
"13",1.596495,43.1922611196402,NA,49575.981131221,24982688,1837298,2074185,75667645.0347507,61493831898.8603,3.24787091037205,60.8916182277904,28.2184096915625,0.212180595930196,NA,NA,NA,"AUS"
"14",1.058392,NA,NA,NA,105845,6093,8252,274280,134979426.030359,588.027777777778,NA,34.7621018587146,0,NA,NA,NA,"ABW"
"15",-0.1004674,92.0112485149855,NA,14197.3543897433,9939800,256084,359716,2279546,1402998000,120.234667956937,22.9957242600455,2.70906158396255,17.8679323602845,50.6120971907671,7.37133985307242,26.9149292187285,"AZE"
"16",-0.6185398,96.3680814875121,NA,14463.4073566994,3323929,232358,315115,NA,488903026.034015,64.92048828125,NA,0.913364839954483,0,40.1629566997666,38.6248991193293,17.4174960361708,"BIH"
"17",0.4269727,82.8798328474247,NA,15724.0042656804,286641,19933,25362,NA,195096000,666.606976744186,NA,12.1299016589554,0.0553369871858055,NA,0.00832839790453467,NA,"BRB"
"18",-0.7483993,38.2448929879071,NA,4441.42305649638,161356039,4204605,4118771,5984155.21211717,2940222419.73224,1239.57931166936,15.1180991744598,0.883753735396142,0.0173925854962997,1.49869191216075,NA,13.0917296932175,"BGD"
"19",1.171748,165.314651522183,NA,51250.3261535632,11433256,938426,1209716,13639487,-54788945348.7546,377.584412153236,26.9539928083479,12.2835331942319,0,NA,34.7793712261157,NA,"BEL"
"20",-0.5783429,68.0304694573599,NA,1859.6412905768,19751535,186791,288625,151531,268414907.946195,72.1912828947368,12.8161228988025,3.89203985292924,0,2.18617357095934,NA,2.28712048366173,"BFA"
"21",0.2718757,131.250967104099,NA,21992.6481077161,7025037,595668,881156,1022645,1222580000,64.7110998526161,18.1126163463623,1.428196392424,0.008284752010467,NA,25.1886659778231,NA,"BGR"
"22",0.1798774,151.593404154427,NA,46172.2536598526,1569439,20433,17635,5877003,111170212.765957,2017.27369979138,NA,51.12678500505,2.01226462292815,NA,NA,NA,"BHR"
"23",-1.419982,39.2100430604203,NA,761.524193384446,11175378,110024,141082,NA,983747.12499426,435.178271028037,NA,2.56563222872762,0,NA,NA,NA,"BDI"
"24",-0.5659866,61.8447185146293,NA,3160.7770925266,11485048,158294,215381,NA,140607611.803344,101.853919829727,NA,2.25554096484421,0.133133579592797,NA,NA,NA,"BEN"
"25",1.387551,NA,NA,NA,63973,NA,NA,NA,95689121.5,1184.68516426289,NA,30.8463970066447,NA,NA,NA,NA,"BMU"
"26",1.252714,93.896319873231,NA,60388.9030876585,428962,10167,10735,1234455,511497137.753507,81.3969639468691,NA,24.2759719084662,8.83716202918395,NA,NA,NA,"BRN"
"27",-0.3220994,57.1099645707698,30.4,8655.53009931298,11353142,377907,438604,4122113,302368781.37636,10.4801458506416,41.3356144052457,1.33326744185504,1.32030413260639,7.77063502396189,NA,76.8804538098556,"BOL"
"28",-0.4474374,29.3977825566287,42.5,14596.2461623842,209469333,8051645,10639033,102109977,78162572752.95,25.0617162430876,41.9461931451321,0.34331320024167,1.25033804009295,30.5353119182891,32.2916882259072,23.7161630091311,"BRA"
"29",0.5391499,77.3503963942211,NA,35500.5441974506,385640,12222,15764,1197116.19679215,491404689.229667,38.5254745254745,NA,15.2843030882508,0,NA,NA,NA,"BHS"
"30",0.3588973,86.7117154922691,NA,11345.4449151598,754394,24889,20399,275849,2649712.66204277,19.7775277714448,NA,6.59576939457687,0,0.712240916240276,0.431698552411759,2.25194620748294,"BTN"
"31",0.3334411,77.1210653162584,NA,17629.8824358112,2254126,38614,56616,253417,228718290.832085,3.97742487604327,NA,7.10033436685768,0,NA,NA,NA,"BWA"
"32",-0.3010303,139.393736250171,21.4,18885.2354999668,9483499,458688,949159,2760168,1426500000,46.7195037884204,21.1385270352219,11.4040105621143,0.515380884649527,49.9879494759897,31.1263871558835,54.081262435566,"BLR"
"33",-0.5938884,115.710066629873,NA,7185.00337073045,383071,9299,8842,1297533.22307894,119541646.954707,16.7939938623411,NA,14.990801225761,0.566050492041156,NA,0.0569634920442284,NA,"BLZ"
"34",1.716108,66.2239712085106,NA,48786.7616479385,37057765,2927422,3458504,89380000,46542783393.9787,4.07518823864492,45.9338791748504,21.801663648343,0.893648264234786,NA,21.4702898284988,NA,"CAN"
"35",-1.554787,70.962411778229,NA,1085.24528712316,84068091,1144474,1392567,932043.438522108,1284643393.84758,37.0825923557045,24.0990056500748,0.70624628058302,0.585519575315312,1.59962111690192,NA,9.99040156967362,"COD"
"36",-1.720417,65.8636468647533,NA,933.109550675102,4666377,52386,79480,NA,17994743.8433,7.49041221227006,NA,1.6651721924121,0,NA,1.09055180012908,NA,"CAF"
"37",-1.217236,154.911112770302,NA,3277.75939878946,5244363,59957,80678,333899,4313143665.0143,15.3568462664715,64.2080267899076,8.50579936930912,36.7338663636481,NA,2.55973576921092,NA,"COG"
"38",2.039621,120.032841308399,NA,68488.3237282712,8513227,712120,873315,28857994,-76220614842.5639,215.437463043118,16.1017555387634,29.3866855419963,0,NA,36.6985242602979,NA,"CHE"
"39",-0.5705186,59.0440575240393,NA,3741.00149707025,25069229,378415,338298,779482,620330654.359791,78.8340534591195,19.6287488538239,9.58259865535208,1.00622378678011,7.92254850633665,NA,27.2292632853045,"CIV"
"40",NA,NA,NA,NA,NA,NA,NA,NA,NA,NA,NA,NA,NA,NA,NA,NA,"COK"
"41",1.084034,57.530769814281,NA,24337.7003961579,18729160,926711,1232749,19517185,6082221197.63492,25.1894460666519,35.6682894481119,2.61551321666127,0.0129487426866861,44.9127020912868,6.63068620824043,71.5624227433859,"CHL"
"42",-0.7996525,43.0112830056997,NA,3603.54888184177,25216237,306085,382035,265136,765092012.778526,53.3439889149796,28.0286031575607,1.63631370372888,2.54530394529258,3.40811025210118,1.39488613158826,0.874446502946141,"CMR"
"43",0.4771284,38.2461541085001,NA,15010.5564702227,1392730000,71497278,80601282,611439830,235365050036.341,148.348833270666,27.8875617671767,0.071076396299372,0.335201388534556,35.5795806625965,29.3536726184239,43.8131763544043,"CHN"
"44",-0.0852262,36.7513539651455,39.7,14458.8365150194,49648685,1868387,2340794,33704037,11535119873.131,44.7487021180712,43.8968000864474,0.276047226979187,2.66992801397438,9.2703176583432,15.956632083143,59.250742181647,"COL"
"45",0.3781868,66.99026818208,36.3,19319.6030806703,4999441,221767,255673,1948546,2763898445.34094,97.9130630630631,27.1579362572736,8.77100991087492,0,15.5820489138808,33.8528951164137,45.8479020611049,"CRI"
"46",-0.2448378,27.0947682033132,NA,NA,11338138,787812,934031,560754.332,NA,108.999596231494,18.843199826991,0.117089665081063,0.268737761253663,NA,NA,NA,"CUB"
"47",0.3192393,116.987233506893,NA,6900.02663923232,543767,8902,16164,140429,107974093.736283,134.929776674938,NA,2.86723201832078,0,NA,18.0838149189149,NA,"CPV"
"48",NA,NA,NA,24982.1448487155,159800,11113,15553,NA,126888268.156425,NA,NA,23.925115932902,NA,NA,NA,NA,"CUW"
"49",0.9209022,145.345331863109,NA,34569.2098653756,1189265,74292,88863,401408,5206751664.27152,128.708333333333,NA,16.834034154295,0,NA,23.037191371502,NA,"CYP"
"50",0.9222081,150.389135288693,NA,39495.6274010371,10629928,868331,1196119,5727200,8324668391.46793,137.657705257705,12.1501481477579,3.84222568016916,0.00934287670303137,NA,47.1173542554473,NA,"CZE"
"51",1.619633,88.670840845959,NA,53659.9892931257,82905782,7784757,10008212,109796202.17431,167955928198.984,237.30759674834,9.58303125347759,14.8790512953233,0.0111101742473988,NA,55.544414128872,NA,"DEU"
"52",-0.8990966,327.658169097411,NA,5100.72666784201,958920,20919,22501,NA,170003376.097232,41.3684210526316,NA,12.6541204084874,0,8.50192378981733,NA,9.52545220283742,"DJI"
"53",1.871631,105.236145262923,NA,56102.8219431727,5793636,529516,618373,NA,1166205135.1967,137.976565849012,22.7978768427979,10.0989913532723,0.383322200222548,NA,2.11762260043261,NA,"DNK"
"54",-0.2895034,108.022408078472,NA,11533.4008897018,71625,NA,NA,NA,13286694.9945287,95.5,NA,9.24600990643918,0,NA,NA,NA,"DMA"
"55",-0.4002573,52.0559663850788,35.2,17711.7655341712,10627165,352826,399883,NA,2744500000,219.97857586421,29.8494659676405,3.94707985294239,0,6.48566022251038,1.49840037761973,29.9558549000357,"DOM"
"56",-0.4439246,57.9645690084949,NA,11479.5601711788,42228429,1313567,1373215,6442442,1506316885.7744,17.7300750711665,6.37850392208528,0.611072022730303,12.3136966845008,NA,NA,NA,"DZA"
"57",-0.2613976,45.8665551000923,34.4,11571.7752157336,17084357,565818,656958,5365261,1455697145.23622,68.7886817522951,27.6345957884163,2.40029910130242,4.9569068250681,10.930421439919,NA,67.0504011700022,"ECU"
"58",1.191938,145.000501615964,NA,35308.0862153163,1321977,89079,170367,31981,1180195916.01414,30.4112491373361,NA,15.4163092221449,0.270748503929589,NA,32.245974547037,NA,"EST"
"59",-0.5848041,48.2782710596295,NA,11366.3363290551,98423595,2302105,2845255,12340832,8141300000,98.8734692852479,25.5652539413948,0.537267286680377,4.0762495109675,NA,NA,NA,"EGY"
"60",-1.727732,NA,NA,NA,NA,NA,NA,102729,61015000,NA,NA,NA,NA,NA,NA,NA,"ERI"
"61",1.002136,67.519691097852,NA,40329.9841465671,46796540,3930431,5138681,80672105,49074301840.6961,93.6747673244434,25.6242213633743,12.6902371918259,0.0017225102188831,NA,4.73330175272383,NA,"ESP"
"62",-0.6074697,31.1661557783355,NA,2103.12900246054,109224559,1769192,2054879,11501244,3360419368.65295,109.224559,4.02809957786142,1.07952601222951,0,NA,NA,13.2479485078869,"ETH"
"63",1.984208,77.8544100523346,NA,48199.9811664166,5515525,525215,672812,13364839,-10591740312.5275,18.1485472672831,23.1908295221216,5.73968325726902,0,NA,32.0746921302407,NA,"FIN"
"64",0.2595362,NA,NA,13808.0655060453,883483,21636,26514,1670216,468861002.876235,48.3570333880679,NA,1.54134137387981,0,NA,NA,NA,"FJI"
"65",-0.1488629,100.851457981537,NA,3468.5688310987,112640,2035,2464,NA,NA,160.914285714286,NA,2.63833046142064,NA,NA,NA,NA,"FSM"
"66",NA,NA,NA,NA,48497,NA,NA,NA,NA,34.7399698278226,NA,11.4462955662981,NA,NA,NA,NA,"FRO"
"67",1.480526,63.4484443858926,NA,45479.7833012553,66977107,5770806,7648100,70188028,59857774930.3435,122.319882597837,22.7605277128497,12.0884793768866,0.00548260284046104,NA,40.310768856443,NA,"FRA"
"68",-0.8122834,72.0488818477495,NA,14743.3895003601,2119275,33284,42242,NA,845752960.6347,8.22476423332169,NA,15.5558595298651,15.337845324735,NA,1.67494670600594,NA,"GAB"
"69",1.341884,61.7765075378058,NA,46330.3446112899,66460344,5600012,6626046,165388610,81158909779.2008,274.708981936924,26.8304584761102,13.200978246274,0.322695836807796,NA,21.5331895948845,NA,"GBR"
"70",-0.2529525,109.38288569644,NA,16824.8928963649,111454,4867,5857,NA,153748019.800794,327.805882352941,NA,6.60613152351978,0,NA,NA,NA,"GRD"
"71",0.6145709,111.756014107845,27.5,14247.6089751488,3726549,207660,346296,516034,1218652826.35,65.2752020714511,28.909669509243,4.22024835167253,0.147968152713103,NA,NA,64.6377798676727,"GEO"
"72",1.397863,NA,NA,NA,NA,NA,NA,NA,NA,NA,NA,NA,NA,NA,NA,NA,"GUF"
"73",-0.2102704,71.6781524271756,NA,5194.4390009745,29767108,419525,493999,467438,2989035000,130.821429199262,18.4905668363887,1.45739715218881,2.96360877021415,59.520413782887,0.792048067340975,1.37697870145024,"GHA"
"74",NA,NA,NA,NA,33718,NA,NA,NA,NA,3371.8,NA,34.3452214669274,NA,NA,NA,NA,"GIB"
"75",0.8380827,85.8493601386626,NA,NA,56025,NA,NA,NA,NA,0.136496528200755,NA,10.6948350122806,NA,NA,NA,NA,"GRL"
"76",-0.6234712,63.3647647572075,NA,2144.22505358703,2280102,28884,30169,53735,32957945.2678928,225.30652173913,NA,9.67088648285922,0,1.75799959015575,NA,7.08215127207408,"GMB"
"77",-0.9709232,90.6283609158764,NA,2495.12751618809,12414318,138502,224770,NA,352760000,50.5222122741332,14.8467358416306,1.81156655898875,0,2.28431612742755,NA,1.7142901320881,"GIN"
"78",-1.29438,104.514601741715,NA,20359.8451441929,1308974,15621,16544,466435.119298493,395884364.5524,46.6657397504456,NA,1.28097413201429,19.2304911809294,NA,NA,NA,"GNQ"
"79",0.3382609,72.5197000538031,NA,29715.1224278718,10731726,1031639,1292377,15125933.5152598,4025447788.57701,83.2562141194725,29.4044033550614,11.3423773738507,0.0130708225796104,NA,30.9848368816051,NA,"GRC"
"80",-0.6820061,45.8054599652383,NA,8449.59203006676,17247807,370834,459149,145795,935617740,160.953779395297,16.5302406271128,0.46718767180629,0.124129202357205,3.98668142098921,3.15105712851878,59.1131857536847,"GTM"
"81",0.2727026,73.3614864864865,NA,NA,165768,7338,8991,NA,NA,306.977777777778,NA,44.7885334196663,0,NA,NA,NA,"GUM"
"82",-1.48785,57.7908624548408,NA,1949.17757012701,1874309,20356,32571,NA,20553776.349135,66.6539473684211,NA,1.21090371816247,0,NA,NA,NA,"GNB"
"83",-0.2694839,82.5941243423119,NA,9312.14664957379,779004,22940,27306,26069,1180405596.06866,3.95734823469647,NA,2.00551438236962,0,NA,NA,NA,"GUY"
"84",1.903607,376.50307803733,NA,61234.9685183972,7451000,586214,671164,47101822,97036255478.9459,7096.19047619048,99.7032210441551,38.9499399216491,0,NA,NA,NA,"HKG"
"85",-0.6206585,102.558376854398,39.1,5672.253309629,9587522,202551,247164,411989,1442587576.2096,85.6870319063366,14.2168226576168,0.3476135161844,0,2.71743333819519,12.6449287100257,54.2167610960566,"HND"
"86",0.4569183,101.878193392406,NA,27648.7391736788,4087843,332998,502825,2093577,1212763554.01445,73.0493745532523,NA,13.6047139871854,0.233169240780372,57.5129301257952,30.0197337927516,24.569462541706,"HRV"
"87",-1.909054,75.5493840643663,NA,1767.17611999367,11123176,244080,306461,NA,1.05e+08,403.59854862119,23.7051270248713,0.369048200333356,0,0.37097142559664,NA,19.1282607071096,"HTI"
"88",0.4873109,165.503988872482,NA,31072.9044219454,9775564,706752,1166031,31226848,-65534350921.8198,107.981486799956,17.9989308033787,4.56246525249104,0.0968989783771539,NA,30.2632397917377,NA,"HUN"
"89",0.1798754,43.0216641190178,30.4,11369.5145343192,267663435,7095983,8581490,115154100.909,18909826043.5105,147.75219008926,13.3834074123722,0.127675543243526,0.833944964021027,8.17875443870597,NA,48.740227165522,"IDN"
"90",1.420338,211.511074359352,NA,83470.744033979,4867309,316661,358243,167598633,64535780983.1594,70.6533459137756,24.6835777223102,15.9169365666588,0,NA,16.8870819502735,NA,"IRL"
"91",1.208207,58.4646316313834,NA,39543.2202459956,8882800,473545,590349,7404373,20788600000,410.480591497227,57.930157157653,24.9469000386407,0.00175051790628458,NA,17.4454746809867,NA,"ISR"
"92",NA,NA,NA,NA,84077,NA,NA,NA,NA,147.50350877193,NA,51.516290726817,NA,NA,NA,NA,"IMN"
"93",0.2830485,43.3776530853232,NA,6537.89783564094,1352617328,40199344,43391833,164035637.545,42117450737.2644,454.938072575247,15.4350806157941,0.399752709149401,0.322350870613227,17.6635167975397,0.180901966394837,93.2498256011149,"IND"
"94",-1.320548,79.9178311813097,NA,10660.1858283564,38433600,574380,703001,2075065.8,-4885100000,88.5305700354617,25.0774660713542,0.9715760982742,37.7823442061583,26.3644655457086,0.000163267852843483,75.7725532300539,"IRQ"
"95",-0.4302173,NA,NA,NA,81800269,2626840,2432221,25604871.412779,3480333000,50.222420123284,25.9887213818331,3.44639753479213,15.3437989277945,NA,NA,NA,"IRN"
"96",1.465655,91.3494442636095,NA,56591.7160157098,352721,24836,27349,7819740.55998243,-612404228.095521,3.51841396508728,NA,11.3901495029218,0,NA,8.66802012534204,NA,"ISL"
"97",0.4138835,60.4077813942892,NA,42188.506869234,60421760,5961868,7785219,27630435.6,39613297744.1484,205.418372203713,18.7441544238367,9.6807677420957,0.0394712461123944,NA,33.0728783436534,NA,"ITA"
"98",1.259951,NA,NA,NA,NA,NA,NA,NA,NA,NA,NA,NA,NA,NA,NA,NA,"JEY"
"99",0.4967112,89.0263817389479,NA,9737.98165571679,2934855,125125,133045,180951.272,774620603.11409,270.993074792244,NA,0.829367046917036,0,4.3422880963409,NA,54.967577582214,"JAM"
"100",0.112718,90.197443855468,NA,9853.92721328067,9956011,179856,203118,3383805,949859154.929577,112.14249831043,20.7370401659862,40.9771116038916,0.000869958084578267,28.234611765928,0.134385402539761,65.6779726355497,"JOR"
"101",1.675817,36.6411615790384,NA,41205.9647146101,126529100,15185127,19708026,126387527,24605910854.4883,347.073458415624,64.6280420867611,1.61477505702794,0.00203862836216945,NA,0.679821016087179,NA,"JPN"
"102",-0.4108523,36.1812040126056,NA,4192.8021984367,51393010,504364,697805,5935831.09691728,1625921493.6155,90.2994166637383,10.8959973350461,2.35472288542212,0,1.18825729022986,3.12335772055131,26.4412418205937,"KEN"
"103",-0.6115379,101.122374928044,23.6,5120.39248385443,6322800,108294,175893,709198.932479812,144222600,32.9655891553702,NA,3.44079642260338,0.103369334052779,39.3497475478638,18.1485143239419,7.17786188086409,"KGZ"
"104",-0.568605,124.898612832521,NA,4160.45184108755,16249798,295678,446707,1411059,3212633447.0447,92.0564128710628,12.0144816569412,0.474794450779274,0,1.86913898965382,NA,NA,"KHM"
"105",-0.2764392,NA,NA,2239.37037667985,115847,1696,2882,66567,-1144364.71702219,143.020987654321,NA,2.80458625014454,0,NA,NA,NA,"KIR"
"106",-1.639134,43.0945213236163,NA,3066.83784677933,832322,11402,13629,NA,6859922.78066133,447.244477540227,NA,1.59231629704974,0,NA,NA,NA,"COM"
"107",0.5514148,118.628008124849,NA,25900.0227952891,52441,NA,NA,NA,93552415.5252759,201.696153846154,NA,13.3934355430792,0,NA,NA,NA,"KNA"
"108",-1.57276,NA,NA,NA,25549819,833069,1551878,103560,51973000,212.190175234615,11.8899550716974,0.192635219027453,NA,NA,NA,NA,"PRK"
"109",1.182665,83.003928307339,NA,39492.2678224721,51606633,3178472,4262431,88157579,12182600000,529.358501289308,50.1739708537079,2.63915935436429,0.00231472486772913,NA,25.5134811374785,NA,"KOR"
"110",-0.0878059,100.487582077886,NA,50478.6400193495,4137309,64346,41180,6464847,-21377568.8207293,232.172222222222,72.2515528813535,73.6395507326993,36.6115754849503,NA,NA,NA,"KWT"
"111",1.204366,NA,NA,NA,64174,NA,NA,NA,57383579000,267.391666666667,NA,39.5650941351076,NA,NA,NA,NA,"CYM"
"112",0.0217204,62.8181983584076,NA,25549.9673995212,18272430,479282,871406,7143797,213930934.55809,6.76831870207801,15.8551325685746,20.1233050855632,10.1915479765309,28.6769633035275,3.25949336445695,30.6208268158034,"KAZ"
"113",-0.672724,NA,NA,7592.81979756711,7061507,126685,161059,1251961.7858552,1319609797.48538,30.5957842287695,NA,0.327020358502169,0,NA,NA,NA,"LAO"
"114",-0.6402023,62.9490956091566,NA,16026.4940811554,6848925,220389,259246,2981937,2632087415.3,669.494134897361,34.8269399942327,34.1456803007755,0,NA,1.35898224003721,NA,"LBN"
"115",0.1956703,NA,NA,13628.4247749222,181889,8630,9210,NA,40030761.7053615,298.17868852459,NA,6.90328055827329,0,NA,NA,NA,"LCA"
"116",1.739037,NA,NA,NA,37910,NA,NA,NA,-87212093508.4059,236.9375,NA,62.5962537635555,NA,NA,NA,NA,"LIE"
"117",-0.2353793,52.9186283988775,NA,12939.4576308404,21670000,964240,1305398,5882376,1610543974.22884,345.558922022006,NA,0.186850018416597,0,7.40060570466367,1.30478906031296,26.1869371395065,"LKA"
"118",-1.340831,120.343137254902,NA,1497.00447655505,4818977,69946,86834,NA,129129754.833293,50.0309073920266,29.4315577766817,2.52649198234771,0,0.496428768206781,0.512055519215939,13.9910600652359,"LBR"
"119",-0.8609057,128.00758270899,NA,2995.21105299361,2108132,37150,66163,NA,128696373.48374,69.437812911726,NA,0.307818842147762,0,NA,NA,6.3226136079387,"LSO"
"120",1.072398,149.299812851284,NA,35389.9774872093,2801543,186301,365665,26031,867654602.336174,44.7230757742448,NA,4.72608962255138,0.0255233575664554,NA,39.1323876953668,NA,"LTU"
"121",1.778221,387.103339675389,NA,114109.972454391,607950,38912,47310,2099102,-5615033227.4932,250.185185185185,NA,43.9641339422687,0,NA,29.2067141661782,NA,"LUX"
"122",1.043452,122.793208336035,NA,30038.4650482875,1927174,126882,259395,4058762,446985589.697802,30.9934705693149,NA,13.3532402640341,0,NA,30.3347804566629,NA,"LVA"
"123",-1.847037,102.350382324245,NA,14080.3527536705,6678567,133852,159487,927153.880702403,0,3.79563238119054,17.3352457196282,12.2824498704933,37.2915774997462,NA,NA,NA,"LBY"
"124",-0.2092959,87.9901194591362,NA,7641.37367025055,36029138,1176787,1349886,8132917,3544387229.27822,80.7285189334528,21.7315718183433,0.257467738138459,0.00681109177822996,NA,NA,NA,"MAR"
"125",NA,NA,NA,NA,38682,NA,NA,316,NA,NA,NA,55.7684662479129,NA,NA,NA,NA,"MCO"
"126",-0.4665205,84.2866489594022,22,12266.0979134805,2706049,115730,194643,1135999,311870000,123.51980353224,NA,3.51210659793059,0.0136617765155949,43.89807654684,31.9456186152523,23.7920257292502,"MDA"
"127",0.1311615,109.609296759902,NA,20709.671973947,622227,39569,53611,565522,485653127.823429,46.2622304832714,NA,13.1900776789324,0,47.9325447974338,NA,8.07594138285643,"MNE"
"128",NA,NA,NA,NA,37264,NA,NA,NA,NA,NA,NA,NA,NA,NA,NA,NA,"MAF"
"129",-1.153121,62.5018060931614,NA,1613.10470552415,26262368,359165,425224,541290,612036371.422122,45.1398556204881,11.6455111740114,0.132347777361949,0.117433843398885,NA,5.02180481964613,NA,"MDG"
"130",-1.554391,125.72768192048,NA,3894.17741946457,58413,NA,NA,24313,9752051.36249508,324.516666666667,NA,6.19704489272168,NA,NA,NA,NA,"MHL"
"131",0.0902431,133.236005015841,NA,15958.9899090738,2082958,126580,158161,NA,648732424.984647,82.5915146708961,NA,6.28977417338761,0,NA,27.6460761190388,NA,"MKD"
"132",-1.004638,57.6544926523115,NA,2288.54656799636,19077690,210390,267944,NA,467067198.107612,15.635015858186,12.8251848101107,2.06335973795908,0,NA,NA,NA,"MLI"
"133",-1.068652,NA,NA,4877.18320276625,53708395,1259166,1847696,3407788.43290303,1291196200.66864,82.2386154835549,12.1610820803712,0.13601460292319,0.175161854913269,NA,0.555273134908011,NA,"MMR"
"134",-0.2333477,122.893221478024,25.7,11913.2704661784,3170208,53849,75608,670360,1951528195.81853,2.04060866654651,47.9583989441702,0.595444478012824,1.86256173418219,43.2792788602746,18.78919120846,99.8305273090216,"MNG"
"135",1.204366,116.001448278033,NA,131908.154163198,631636,31565,34660,3157724,2325541186.8549,20777.5002607232,NA,58.321902771585,0,NA,0.29679048032349,NA,"MAC"
"136",NA,108.692365835223,NA,NA,56882,NA,NA,NA,NA,123.65652173913,NA,39.3099691301979,NA,NA,NA,NA,"MNP"
"137",1.108839,NA,NA,NA,NA,NA,NA,NA,NA,NA,NA,NA,NA,NA,NA,NA,"MTQ"
"138",-0.7266325,121.314333993956,NA,3712.44002678222,4403319,58497,79815,454435.697242701,70755026.5279,4.27216357815077,27.375123174133,3.39667673329787,0.81214604709022,NA,NA,45.2155503310519,"MRT"
"139",0.968796,268.848482531912,NA,43085.3239380218,484630,44733,53883,2576898,4750494292.14907,1514.46875,NA,9.8984880693625,0,NA,16.2086545543175,NA,"MLT"
"140",0.8760849,94.853479056447,NA,22211.1649231914,1265303,62612,82571,1745291,371518185.9208,623.30197044335,NA,2.24510921983142,0,18.7915116621894,4.33217260694523,44.8537051300491,"MUS"
"141",-0.4884941,146.270835325988,NA,18508.5147212522,515696,10052,8995,1147247,538536564.514229,1718.98666666667,NA,25.8721817536855,0,NA,NA,NA,"MDV"
"142",-0.7286705,NA,NA,1045.86096447843,18143315,192169,287793,10545,102033113.80307,192.440761561307,5.675032374183,1.2498117945782,0,0.566048355348621,NA,41.2191662742092,"MWI"
"143",-0.153388,80.4483211741163,36.4,19992.230139994,126190788,4101778,5013893,64569640,38644325856,64.9146264050001,40.7090420895066,0.939364727416811,1.72364374207885,41.8890606838191,11.4833581998621,32.5256501084653,"MEX"
"144",1.075348,130.502780400217,NA,27536.9184977165,31528585,1025167,1078350,60481772,8570094242.95007,95.9628214883579,23.9906484861277,8.28934891611083,2.35766701623901,NA,NA,NA,"MYS"
"145",-0.8742813,131.985656798777,NA,1289.54300128945,29495962,321444,531223,540124,2678190543.5991,37.508535313716,9.27978887415166,0.796801385438194,0.101113999482936,3.80872721250015,3.21891560015756,1.58029112385652,"MOZ"
"146",0.106442,83.6508564531358,NA,10450.1057806751,2448255,33216,55805,602893,183488531.13461,2.97374558175127,NA,3.81840143482876,0,NA,NA,NA,"NAM"
"147",NA,NA,NA,NA,284060,12419,13636,NA,874392467.2137,15.5393873085339,NA,24.4339041798737,NA,NA,NA,NA,"NCL"
"148",-0.7660425,48.7768683096734,NA,867.643391425415,22442948,280994,301410,NA,466042272.996923,17.7176505881424,5.40829573726232,0.951072208218253,1.87824455049814,1.3730994574391,NA,20.1129917856119,"NER"
"149",-1.022591,33.0012587035835,NA,5155.8084733747,195874740,2550966,2830452,8169192.31,1997485164.94833,215.064988965381,16.5138200055811,0.658124087599013,6.12223431396315,2.70706889939629,NA,3.7642855236789,"NGA"
"150",-0.8024699,93.6214086611824,NA,5694.87577632457,6465513,145203,194073,NA,359200000,53.7270483629716,16.2078863657068,0.66198270577991,0,13.7080391702969,NA,59.7503018590647,"NIC"
"151",1.850466,157.653296539322,NA,56454.9252056674,17231624,1525161,1782696,43996044.579144,-239337011214.707,511.475927574948,12.4159510444285,11.6956827411211,0.0211591985019315,NA,36.2105899515054,NA,"NLD"
"152",1.887119,71.0741858923888,NA,63332.7998900687,5311916,418268,487366,NA,-6634007435.04685,14.5482916341657,19.0557418453153,14.2356111639164,3.75071935963797,NA,21.3480639519764,NA,"NOR"
"153",-0.9023383,55.2306284563289,NA,3251.41837994284,28087871,733401,875346,3296953,68186670.7450293,195.939107080572,4.73418579856052,1.81764555283951,0,5.25896121599293,NA,40.1376120426982,"NPL"
"154",-0.076744,NA,NA,16111.7828561372,12704,NA,NA,45457,0,635.2,NA,31.089806300137,0,NA,NA,NA,"NRU"
"155",NA,NA,NA,NA,NA,NA,NA,NA,NA,NA,NA,NA,NA,NA,NA,NA,"NIU"
"156",1.670251,56.399746090057,NA,41648.2056548951,4841000,352911,404821,17249049.9541367,2128856170.74495,18.3851733697923,32.1601941747573,22.95970035283,0.16064338553419,NA,2.02481256988028,NA,"NZL"
"157",0.1865782,102.783291067814,NA,28593.1843475164,4829483,55286,60048,10438241,6342262678.80364,15.6041453957997,29.9527506360412,41.085873617455,21.8028859170055,NA,NA,NA,"OMN"
"158",-0.019452,NA,37.1,31076.9941118124,4176873,157520,181003,12939350,5945110000,56.1860774818402,42.6991675351393,4.70102752739085,0,17.8827769650935,NA,51.1166109929222,"PAN"
"159",-0.2454309,48.9137033022597,32.1,12782.3763299978,31989256,1207306,1380179,17758527.272,6487906280.71858,24.99160625,32.4815525562708,0.289645140800474,0.203666410643583,11.5158648509964,11.6640442903919,56.0976151478609,"PER"
"160",NA,NA,NA,NA,277679,11175,11843,NA,58721896.4434,75.8685792349727,NA,10.6300660621578,NA,NA,NA,NA,"PYF"
"161",-0.6773402,NA,NA,4233.12775581991,8606316,138009,158502,964713,1134643537.8393,19.0043633794109,NA,0.338376608624312,2.5923207475655,NA,NA,NA,"PNG"
"162",0.0495094,76.0587526110281,NA,8123.33581331992,106651922,2294705,3168706,43080118,9832332890.55406,357.688305329175,14.2777061251648,0.210390539089137,0.0511017823848892,8.92214945787277,NA,33.8304086704276,"PHL"
"163",-0.6338443,28.5420039191098,NA,4739.49224105383,212215030,4672822,4479539,6880637,2.354e+09,275.289318700706,20.0718671999811,1.92084606074688,0.30320570716204,6.00800770169284,NA,11.1955738186767,"PAK"
"164",0.6626508,107.744362110813,NA,31695.176608517,37974750,2617976,4034163,9277538,1.6697e+10,124.023482151605,4.65519325341181,1.60418083655994,0.0351926578866733,43.7884296230798,40.2800945944284,38.7530541376192,"POL"
"165",-0.156924,105.839362647816,NA,34273.4609381355,3195153,248175,348577,NA,NA,360.220180383315,76.8143810327706,7.46549639203331,NA,NA,NA,NA,"PRI"
"166",-0.7608902,79.60098249167,NA,1164.2806801992,4569087,67701,75458,NA,262509658.39526,758.984551495017,NA,5.4730397522441,0,NA,5.37583927410517,NA,"PSE"
"167",1.208909,86.9567569184978,NA,33948.1255398462,10283822,947538,1310392,17367956,7815679195.40295,112.2619412173,41.1738942972759,8.0895935893659,0,NA,29.8100107962484,NA,"PRT"
"168",-0.0121242,123.298129649511,NA,18070.0384471316,17907,NA,NA,NA,21500000,38.9282608695652,NA,26.6027899112301,NA,NA,NA,NA,"PLW"
"169",-0.5172144,70.4151017885008,35.9,12890.3072346609,6956071,213950,233340,560631,386916058.139802,17.5083589227284,46.3221120083449,2.35666668624757,0,13.8425676701487,21.7904881925216,55.7545410611006,"PRY"
"170",0.6312364,87.9860686403717,NA,94502.6908176154,2781677,26435,11671,29178923,-2186263736.26374,239.593195521103,NA,75.4976278935561,14.2317850588543,NA,NA,NA,"QAT"
"171",1.108839,NA,NA,NA,NA,NA,NA,NA,NA,NA,NA,NA,NA,NA,NA,NA,"REU"
"172",-0.2534418,86.4949192995448,NA,28554.5777300886,19466145,1430188,2139534,4908235,7343560129.25217,84.6059848748261,9.35665484871298,1.16313480315329,0.316385872146492,46.8599339285945,37.8833882866428,61.8332872372693,"ROU"
"173",0.1116198,110.068424374952,NA,17423.3856412956,6982604,551774,729238,2262703,4071895067.82106,79.8376857992225,19.8973191090315,9.12262208400769,0.0999300183369617,52.0960296365632,35.5375302084081,13.4041636573424,"SRB"
"174",-0.0608858,51.5104574912421,29.9,26669.222181815,144478050,6964329,14238472,99327311,8784850000,8.82207955488442,23.1913304477739,8.11621785991527,6.43188664384159,56.3411995255727,21.9334801968678,67.8902079229578,"RUS"
"175",0.2068089,51.5054483643306,NA,2063.8118298668,12301939,148723,212730,1073528,301552668.12,498.659870287799,8.59893712690333,3.80308098441419,0,10.7844306434972,7.84141137775325,20.0879471986498,"RWA"
"176",0.3234982,66.5668213044185,NA,47596.727899984,33699947,594563,522116,39141659.999,4247084538.91783,15.6766543082956,47.2804719841251,32.2949424946542,23.1011577803481,NA,NA,NA,"SAU"
"177",-1.054241,NA,NA,2365.20432358391,652858,11449,12045,427806,12057230.7613698,23.324687388353,NA,0.442947201036342,0,NA,NA,NA,"SLB"
"178",0.502284,189.116880736594,NA,27571.6947381472,96762,3139,4209,455201,307664653.791333,210.352173913043,NA,13.2589068217392,0,NA,0.206984553737703,NA,"SYC"
"179",-1.619857,22.5944733392728,NA,4230.48386614063,41801533,696028,800950,269958.48,1135787164.04941,NA,13.238937911679,1.2513445422805,1.01301736169592,NA,NA,NA,"SDN"
"180",1.830975,89.0747057382693,NA,53243.2901400412,10175214,947970,1096801,NA,-1820311589.14598,24.9814981218237,15.5570978654601,16.7675587503806,0,NA,9.1835966613853,NA,"SWE"
"181",2.231474,326.194682337947,NA,96477.215290631,5638676,303657,342722,40401515,91035666405.1252,7952.9984184018,100,45.3917919104027,0,NA,NA,NA,"SGP"
"182",1.125806,162.476885958713,NA,38022.049816862,2073894,172939,233689,1094762,1523856931.75901,102.96366052404,NA,11.4129640933173,9.4875986910449e-05,NA,39.8829907031032,NA,"SVN"
"183",0.7074615,190.155092074861,NA,32108.0553438103,5446771,334878,516386,NA,2551913226.95168,113.285586522463,NA,3.26541789940692,0.0271935833560908,NA,38.9420891752755,NA,"SVK"
"184",-1.142948,56.6958306351663,29.4,1663.29239326573,7650154,97350,129601,NA,217812918.996704,105.987170961485,14.8487076207878,1.41345729487955,0,NA,NA,30.1557655033465,"SLE"
"185",NA,NA,NA,NA,33785,NA,NA,NA,NA,563.083333333333,NA,14.8422013152513,NA,NA,32.1009373892867,NA,"SMR"
"186",-0.2678156,57.9355453561728,NA,3348.59279293072,15854360,206231,283178,21038,847841574.790216,82.3474783150678,18.7861194018554,1.73995141736156,0,8.31744084521165,4.74091985808684,8.23709756013295,"SEN"
"187",-2.19103,125.527985845119,NA,NA,15008154,207274,223956,4486,4.09e+08,23.9234769024771,13.8699536265419,0.234455883618068,0,NA,NA,NA,"SOM"
"188",-0.6553037,NA,NA,15767.0948674718,575991,16749,23030,272347,130960766.326423,3.69225,NA,8.62581150145034,5.23554027482677,NA,NA,NA,"SUR"
"189",-2.449409,NA,NA,NA,10975920,172079,200936,NA,60140000,NA,NA,6.67856203968099,NA,NA,NA,NA,"SSD"
"190",-0.6393903,NA,NA,3944.76788389762,211028,2665,3508,NA,23698321.4864449,219.820833333333,NA,1.25772285966461,0,NA,NA,NA,"STP"
"191",-0.4471425,77.5259623133899,29.4,8606.98123465013,6420744,223747,308358,2545105,412743968.360673,309.881467181467,17.2362891278643,0.686271613393632,0,6.15611135696081,9.67702915205032,53.1403451479089,"SLV"
"192",NA,NA,NA,NA,40654,NA,NA,NA,-196625698.324022,NA,NA,70.4477997160924,NA,NA,NA,NA,"SXM"
"193",-1.671169,NA,NA,NA,16906283,350534,410784,17896.9211653632,NA,92.0671077710614,31.7537450425975,4.73013438841734,NA,NA,NA,NA,"SYR"
"194",-0.6599468,84.4133412962024,NA,8606.07599203517,1136191,16399,29196,NA,31130826.6571528,66.0576162790698,NA,2.45374795061268,0,NA,NA,NA,"SWZ"
"195",NA,NA,NA,26431.4721903184,37665,NA,NA,NA,42227000,39.6473684210526,NA,34.0371006727045,NA,NA,NA,NA,"TCA"
"196",-1.528847,73.8762110452795,NA,1580.43434022081,15477751,175225,208703,NA,662206573.4331,12.2917336404066,8.54567953703351,3.68277137079953,15.250444256377,2.47797179203433,NA,0.572243024437504,"TCD"
"197",-1.057791,73.6056612696514,NA,1552.5476723323,7889094,103651,122727,566295,-180972714.795729,145.046773303916,22.1285739528519,3.79000676014412,0,3.00957537816722,NA,NA,"TGO"
"198",0.3499596,123.306881651774,28.1,18042.3778847237,69428524,3610237,4652417,76053042.754,13205107281.2953,135.897206835131,20.0552124657007,5.75823265195895,0.560684120584641,40.7234187776292,5.08694483691391,59.3185277087442,"THA"
"199",-1.097704,NA,NA,3234.72157879638,9100837,128590,146426,492320,220862232.3377,65.5727141724908,NA,3.24291089626031,0.0649408255712173,34.1492100528733,NA,9.74993153224343,"TJK"
"200",-0.9826074,63.0065442355189,NA,3079.89483690751,1267972,25444,29292,NA,47925664.570816,85.270477471419,NA,0.914442948601621,14.5298179299024,1.24062635403727,NA,35.2090294064135,"TLS"
"201",-1.044102,35.1633909045029,NA,14845.3294260971,5850908,106675,152324,2457474,1985147000,12.4505947694337,NA,3.65471158287463,5.02459450536623,NA,NA,NA,"TKM"
"202",-0.1052618,110.956565079419,NA,10747.6998963432,11565204,432113,529652,4274199,988942901.040222,74.4413233779609,19.807493235744,0.503849717164906,1.54743191543553,NA,25.4607021607317,14.4259315892508,"TUN"
"203",0.1393548,98.2201047363973,NA,6266.90311383928,103197,2828,3320,NA,15047474.4803441,143.329166666667,NA,5.39794668927192,0,NA,NA,NA,"TON"
"204",0.0060968,60.1573716207674,32.6,28298.8657950058,82319724,2970028,4013183,115595495.817,1.3023e+10,106.960128893104,36.8553458706931,3.76900110251173,0.0559914653118288,36.0602768561565,24.623931988783,17.960378362579,"TUR"
"205",0.1902379,NA,NA,26272.9084023521,1389858,66754,82442,2525130,-701876422.868886,270.927485380117,NA,3.66763032980219,3.16632250639881,NA,11.4945038231607,NA,"TTO"
"206",-0.6936518,NA,NA,3953.26480169896,11508,NA,NA,NA,298862.0826,383.6,NA,1.42194433239209,NA,NA,NA,NA,"TUV"
"207",1.362331,NA,NA,NA,NA,NA,NA,NA,NA,NA,NA,NA,NA,NA,NA,NA,"TWN"
"208",-0.7562658,NA,NA,2875.16188688305,56318348,616152,848867,1481557,1055991268.20234,63.5790787988259,12.5196623310045,0.488535530485828,0,1.29319942331357,NA,10.9351698934273,"TZA"
"209",-0.4152199,99.0186601534378,22,8207.2663606161,44622516,2455746,4877703,7854842,2.476e+09,77.0296673514129,12.1100029411161,10.7864611551484,0.243847538083565,51.4221630618031,20.2290628233565,36.6281938674052,"UKR"
"210",-0.6060399,48.199222965602,NA,1793.53813782613,42723139,329441,499827,21537,1055353352.63033,213.061734490325,6.99001072931462,1.92012616805897,0,0.881115931846307,NA,60.472307628686,"UGA"
"211",1.576998,27.5439028356461,NA,61391.3729620784,326687501,23058935,28582660,889022000,2.5839e+11,35.7136220923495,46.3258859113805,14.4906535240608,0.177275748743784,NA,37.9251427552759,NA,"USA"
"212",0.5582148,39.9922435701169,29.7,21590.8334830778,3449299,199081,311936,NA,1171934318.52517,19.7080276539824,50.3577393551559,2.09231674852946,0,36.5570422870946,31.4576856539649,59.2081972884331,"URY"
"213",-0.5470828,67.8456143280826,NA,6734.84586358875,32955400,632244,824084,3056558,624702706.364396,77.4692054536906,7.47667757029197,3.91690323992971,0.858635083466047,NA,20.6360812334745,NA,"UZB"
"214",0.1956703,NA,NA,12466.4161360546,110210,5201,5367,NA,110052363.628836,282.589743589744,NA,4.18135974128008,0,NA,NA,NA,"VCT"
"215",-1.581517,NA,NA,NA,28870195,930406,1167747,2137771,9.56e+08,32.7307919052208,32.3515480238357,4.51473657184212,NA,NA,NA,NA,"VEN"
"216",NA,NA,NA,NA,29802,NA,NA,NA,44244376000,198.68,NA,57.4692034399177,NA,NA,NA,NA,"VGB"
"217",0.8301269,NA,NA,NA,106977,9101,11538,NA,NA,305.648571428571,NA,53.3638784092727,NA,NA,NA,NA,"VIR"
"218",-0.0034448,208.306665858343,27.5,7586.38493872479,95540395,2710562,4239888,47049671,1.55e+10,308.125245912213,16.9103812057717,0.07789713082094,1.27130764334906,15.2492432666176,NA,17.5068280169369,"VNM"
"219",-0.4917117,NA,NA,3144.55013529906,292680,5555,5097,374603,37582280.0177531,24.0098441345365,NA,1.20422290404002,0,NA,NA,NA,"VUT"
"220",0.5907587,80.3872792781217,NA,6506.99221845699,196130,4160,5256,137770,16713450.8645979,69.3038869257951,NA,2.55087254435175,0,NA,1.52845780267365,NA,"WSM"
"221",-0.4283053,82.0096840384346,NA,10610.3077397104,1845300,NA,NA,NA,318542991.552639,NA,NA,NA,0,35.0002633807955,NA,14.0504711083971,"RKS"
"222",-2.244354,NA,NA,NA,28498687,373355,446340,336310,-282098333.3333,53.9778529083092,9.75243877024931,1.28252922839207,1.89151889990438,NA,NA,NA,"YEM"
"223",0.3403786,59.470333710239,NA,12630.7474848479,57779622,1218728,1853908,23921748.0700525,5569462350.15205,47.6301197767684,35.3078235783543,5.76709044891315,0.00581831212516539,3.3527477311896,1.86972949469319,78.6292231780398,"ZAF"
"224",-0.5592093,75.6593681604574,NA,3513.41077723102,17351822,142606,221719,8904,408438491.702336,23.3414789007116,14.5451238492419,0.789025650319302,0,1.05257306906133,NA,0.570814863578311,"ZMB"
"225",-1.19886,48.4365902218651,NA,3280.76419211615,14439018,151062,273405,282539,744637199.18,37.3245909267158,10.4925141031059,2.55638252510727,0,2.65503997288927,2.83646421966287,27.7297730792768,"ZWE"
